logon,VSS0154,PC-6055,Logon,10/15/2010 08:30:00
logon,VSS0154,PC-6055,Logoff,10/15/2010 18:39:00
file,VSS0154,PC-6055,CLO2I5W3.doc,10/15/2010 13:00:34
file,VSS0154,PC-6055,LM21NZ04.doc,10/15/2010 13:16:34
file,VSS0154,PC-6055,12XXCV0M.jpg,10/15/2010 13:23:39
file,VSS0154,PC-6055,2VLT8K5P.doc,10/15/2010 14:05:32
http,VSS0154,PC-6055,http://warriorforum.com/Corinthian_War/agesilaus/fhccbegbetnavpcbbygnoyrfyherf275030631.html,10/15/2010 08:31:45
http,VSS0154,PC-6055,http://sourceforge.net/Elizabeth_Canning/canningites/ovyyvneqfobbxfsver1625813682.htm,10/15/2010 08:34:20
http,VSS0154,PC-6055,http://tripadvisor.com/Murasaki_Shikibu/murasaki/sversvefgnvq1637716117.html,10/15/2010 08:35:03
http,VSS0154,PC-6055,http://verizon.com/2006_Westchester_County_tornado/edt/vprubpxrlnhgberfgbengvbasverobqlohvyqvat807614485.php,10/15/2010 08:36:42
http,VSS0154,PC-6055,http://careerbuilder.com/Lee_Smith_baseball/eckersleys/fgeratgugenvavatjneenagltbfcryzhfvpryrpgvba1487645952.html,10/15/2010 08:51:05
http,VSS0154,PC-6055,http://inbox.com/Poetry/ghazal/ryrpgvba161592514.html,10/15/2010 08:53:15
http,VSS0154,PC-6055,http://cbs.com/Imagism/repaus/pnyraqnejngpuvatgryrivfvbafrysurycgrnz1554574069.aspx,10/15/2010 08:56:41
http,VSS0154,PC-6055,http://yousendit.com/Battle_of_the_Eastern_Solomons/jintsu/yrnqrefuvcpnyraqne670371347.asp,10/15/2010 09:02:53
http,VSS0154,PC-6055,http://tripadvisor.com/Murasaki_Shikibu/murasaki/sversvefgnvq1637716117.html,10/15/2010 09:11:38
http,VSS0154,PC-6055,http://urbandictionary.com/Joppenbergh_Mountain/rosendale/urnqcubarfryrpgvba495083721.aspx,10/15/2010 09:30:40
http,VSS0154,PC-6055,http://autotrader.com/Central_London_Railway/clr/ryrpgvbacngragobngabzrapyngherpnzctebhaqnpgvivgvrf398651276.asp,10/15/2010 09:33:01
http,VSS0154,PC-6055,http://verizon.com/2006_Westchester_County_tornado/edt/vprubpxrlnhgberfgbengvbasverobqlohvyqvat807614485.php,10/15/2010 09:46:42
http,VSS0154,PC-6055,http://linksynergy.com/Andrew_Johnston_singer/brannock/sveroybttvatfnygjngreornpuovyyvneqfunyy1566888039.aspx,10/15/2010 09:50:11
http,VSS0154,PC-6055,http://about.com/Grays_Inn/cherke/harzcyblzragsver1434742481.asp,10/15/2010 09:52:37
http,VSS0154,PC-6055,http://urbandictionary.com/Joppenbergh_Mountain/rosendale/urnqcubarfryrpgvba495083721.aspx,10/15/2010 09:58:06
http,VSS0154,PC-6055,http://verizon.com/2006_Westchester_County_tornado/edt/vprubpxrlnhgberfgbengvbasverobqlohvyqvat807614485.php,10/15/2010 09:58:38
http,VSS0154,PC-6055,http://cbs.com/Bart_King/hordern/pnecragreryrpgvbarkrphgvir2093690601.asp,10/15/2010 10:01:56
http,VSS0154,PC-6055,http://about.com/Grays_Inn/cherke/harzcyblzragsver1434742481.asp,10/15/2010 10:10:34
http,VSS0154,PC-6055,http://paypal.com/Ian_Meckiff/egar/zbivrfqryrtngr1565181414.htm,10/15/2010 10:26:43
http,VSS0154,PC-6055,http://nbcsports.com/General_aviation_in_the_United_Kingdom/ga/pnyraqnecebwrpgvagreangvbanygeniryqvzvavfuvatergheaf1257642606.htm,10/15/2010 10:30:29
http,VSS0154,PC-6055,http://paypal.com/Ian_Meckiff/egar/zbivrfqryrtngr1565181414.htm,10/15/2010 10:32:49
http,VSS0154,PC-6055,http://city-data.com/No_Way_Out_2004/hotty/sregvyvmreaba-svpgvbaovyyvneqfgbheanzragsnzvyl531794135.html,10/15/2010 10:35:51
http,VSS0154,PC-6055,http://yousendit.com/Battle_of_the_Eastern_Solomons/jintsu/yrnqrefuvcpnyraqne670371347.asp,10/15/2010 10:38:57
http,VSS0154,PC-6055,http://groupon.com/1980_eruption_of_Mount_St_Helens/ronnholm/vagryyrpghnycebcreglculfvpfpnyraqneovyyvneqfgevpxfubgf481322958.aspx,10/15/2010 10:40:43
http,VSS0154,PC-6055,http://linkedin.com/Harry_Chauvel/chetwode/cebwrpg757315014.jsp,10/15/2010 10:43:34
http,VSS0154,PC-6055,http://buy.com/Super_Mario_64/mips/ryrpgvbafhesvaterthyngvbafargjbex900617254.php,10/15/2010 10:46:23
http,VSS0154,PC-6055,http://linksynergy.com/Andrew_Johnston_singer/brannock/sveroybttvatfnygjngreornpuovyyvneqfunyy1566888039.aspx,10/15/2010 10:47:42
http,VSS0154,PC-6055,http://eonline.com/Gregory_of_Nazianzus/sasima/gragcebwrpgcrgsvfupbyyrtrfbppre691547229.htm,10/15/2010 10:47:50
http,VSS0154,PC-6055,http://nbcsports.com/General_aviation_in_the_United_Kingdom/ga/pnyraqnecebwrpgvagreangvbanygeniryqvzvavfuvatergheaf1257642606.htm,10/15/2010 10:49:41
http,VSS0154,PC-6055,http://npr.org/Latter_Days/sandvoss/zbgbeplpyrzhfrhznpprcgnaprgrfgercbegsnzvyl355437132.php,10/15/2010 10:51:15
http,VSS0154,PC-6055,http://nbcsports.com/General_aviation_in_the_United_Kingdom/ga/pnyraqnecebwrpgvagreangvbanygeniryqvzvavfuvatergheaf1257642606.htm,10/15/2010 10:52:10
http,VSS0154,PC-6055,http://linksynergy.com/Andrew_Johnston_singer/brannock/sveroybttvatfnygjngreornpuovyyvneqfunyy1566888039.aspx,10/15/2010 10:52:22
http,VSS0154,PC-6055,http://nbcsports.com/General_aviation_in_the_United_Kingdom/ga/pnyraqnecebwrpgvagreangvbanygeniryqvzvavfuvatergheaf1257642606.htm,10/15/2010 10:57:55
http,VSS0154,PC-6055,http://nbcsports.com/General_aviation_in_the_United_Kingdom/ga/pnyraqnecebwrpgvagreangvbanygeniryqvzvavfuvatergheaf1257642606.htm,10/15/2010 10:59:26
http,VSS0154,PC-6055,http://livejournal.com/Red_River_Trails/kittson/snzvylfvkfvtznjrofvgrqrirybczragonfxrgonyyunyybssnzr626890445.htm,10/15/2010 11:03:58
http,VSS0154,PC-6055,http://livingrichwithcoupons.com/Posting_system/irabu/ovttnzrsvfuvatsnzvylubefronpxevqvatfghagfqenzn826114471.htm,10/15/2010 11:11:54
http,VSS0154,PC-6055,http://fatwallet.com/Grand_Duchess_Olga_Nikolaevna_of_Russia/olga/snzvylculfvpf76474686.asp,10/15/2010 11:18:21
http,VSS0154,PC-6055,http://city-data.com/No_Way_Out_2004/hotty/sregvyvmreaba-svpgvbaovyyvneqfgbheanzragsnzvyl531794135.html,10/15/2010 11:18:34
http,VSS0154,PC-6055,http://fatwallet.com/Grand_Duchess_Olga_Nikolaevna_of_Russia/olga/snzvylculfvpf76474686.asp,10/15/2010 11:27:28
http,VSS0154,PC-6055,http://linksynergy.com/Andrew_Johnston_singer/brannock/sveroybttvatfnygjngreornpuovyyvneqfunyy1566888039.aspx,10/15/2010 11:39:56
http,VSS0154,PC-6055,http://sourceforge.net/Elizabeth_Canning/canningites/ovyyvneqfobbxfsver1625813682.htm,10/15/2010 11:40:43
http,VSS0154,PC-6055,http://about.com/Grays_Inn/cherke/harzcyblzragsver1434742481.asp,10/15/2010 11:52:23
http,VSS0154,PC-6055,http://earthlink.net/Alpha_Phi_Alpha/nul/zbhagnvauvxvatryrpgvbaurycqrfx107274692.asp,10/15/2010 12:06:02
http,VSS0154,PC-6055,http://cbs.com/Imagism/repaus/pnyraqnejngpuvatgryrivfvbafrysurycgrnz1554574069.aspx,10/15/2010 12:56:16
http,VSS0154,PC-6055,http://cbs.com/Imagism/repaus/pnyraqnejngpuvatgryrivfvbafrysurycgrnz1554574069.aspx,10/15/2010 12:59:16
http,VSS0154,PC-6055,http://weebly.com/Georgetown_University/hoyas/cenpgvprcynlvatzhfvpsnzvylterragenafcbegngvbacebsrffvbanyfbppre1726875144.html,10/15/2010 13:04:03
http,VSS0154,PC-6055,http://cbs.com/Bart_King/hordern/pnecragreryrpgvbarkrphgvir2093690601.asp,10/15/2010 13:09:33
http,VSS0154,PC-6055,http://fatwallet.com/Grand_Duchess_Olga_Nikolaevna_of_Russia/olga/snzvylculfvpf76474686.asp,10/15/2010 13:14:59
http,VSS0154,PC-6055,http://fatwallet.com/Grand_Duchess_Olga_Nikolaevna_of_Russia/olga/snzvylculfvpf76474686.asp,10/15/2010 13:16:18
http,VSS0154,PC-6055,http://about.com/Grays_Inn/cherke/harzcyblzragsver1434742481.asp,10/15/2010 13:25:43
http,VSS0154,PC-6055,http://about.com/Grays_Inn/cherke/harzcyblzragsver1434742481.asp,10/15/2010 13:29:12
http,VSS0154,PC-6055,http://1saleaday.com/Mercury_dime/dimes/frphevglsvernhgbercnveznahnyf1114821738.aspx,10/15/2010 13:48:57
http,VSS0154,PC-6055,http://ebay.com/Stonewall_riots/kamenys/sverqenznbhgyrgpragrefubccvatzbhagrqbevragrrevat959308762.php,10/15/2010 13:49:49
http,VSS0154,PC-6055,http://ebay.com/Stonewall_riots/kamenys/sverqenznbhgyrgpragrefubccvatzbhagrqbevragrrevat959308762.php,10/15/2010 13:50:36
http,VSS0154,PC-6055,http://ebay.com/Stonewall_riots/kamenys/sverqenznbhgyrgpragrefubccvatzbhagrqbevragrrevat959308762.php,10/15/2010 13:54:56
http,VSS0154,PC-6055,http://verizon.com/2006_Westchester_County_tornado/edt/vprubpxrlnhgberfgbengvbasverobqlohvyqvat807614485.php,10/15/2010 13:57:15
http,VSS0154,PC-6055,http://sourceforge.net/Elizabeth_Canning/canningites/ovyyvneqfobbxfsver1625813682.htm,10/15/2010 14:01:19
http,VSS0154,PC-6055,http://1saleaday.com/Mercury_dime/dimes/frphevglsvernhgbercnveznahnyf1114821738.aspx,10/15/2010 14:06:20
http,VSS0154,PC-6055,http://sourceforge.net/Elizabeth_Canning/canningites/ovyyvneqfobbxfsver1625813682.htm,10/15/2010 14:11:15
http,VSS0154,PC-6055,http://about.com/Grays_Inn/cherke/harzcyblzragsver1434742481.asp,10/15/2010 14:16:37
http,VSS0154,PC-6055,http://city-data.com/No_Way_Out_2004/hotty/sregvyvmreaba-svpgvbaovyyvneqfgbheanzragsnzvyl531794135.html,10/15/2010 14:19:20
http,VSS0154,PC-6055,http://verizon.com/2006_Westchester_County_tornado/edt/vprubpxrlnhgberfgbengvbasverobqlohvyqvat807614485.php,10/15/2010 14:27:22
http,VSS0154,PC-6055,http://fatwallet.com/Grand_Duchess_Olga_Nikolaevna_of_Russia/olga/snzvylculfvpf76474686.asp,10/15/2010 14:28:13
http,VSS0154,PC-6055,http://city-data.com/No_Way_Out_2004/hotty/sregvyvmreaba-svpgvbaovyyvneqfgbheanzragsnzvyl531794135.html,10/15/2010 14:34:00
http,VSS0154,PC-6055,http://livejournal.com/Red_River_Trails/kittson/snzvylfvkfvtznjrofvgrqrirybczragonfxrgonyyunyybssnzr626890445.htm,10/15/2010 14:34:43
http,VSS0154,PC-6055,http://cbs.com/Imagism/repaus/pnyraqnejngpuvatgryrivfvbafrysurycgrnz1554574069.aspx,10/15/2010 15:02:39
http,VSS0154,PC-6055,http://livejournal.com/Red_River_Trails/kittson/snzvylfvkfvtznjrofvgrqrirybczragonfxrgonyyunyybssnzr626890445.htm,10/15/2010 15:02:59
http,VSS0154,PC-6055,http://npr.org/Latter_Days/sandvoss/zbgbeplpyrzhfrhznpprcgnaprgrfgercbegsnzvyl355437132.php,10/15/2010 15:03:54
http,VSS0154,PC-6055,http://weebly.com/Georgetown_University/hoyas/cenpgvprcynlvatzhfvpsnzvylterragenafcbegngvbacebsrffvbanyfbppre1726875144.html,10/15/2010 15:05:10
http,VSS0154,PC-6055,http://weebly.com/Georgetown_University/hoyas/cenpgvprcynlvatzhfvpsnzvylterragenafcbegngvbacebsrffvbanyfbppre1726875144.html,10/15/2010 15:06:17
http,VSS0154,PC-6055,http://careerbuilder.com/Lee_Smith_baseball/eckersleys/fgeratgugenvavatjneenagltbfcryzhfvpryrpgvba1487645952.html,10/15/2010 15:06:26
http,VSS0154,PC-6055,http://urbandictionary.com/Joppenbergh_Mountain/rosendale/urnqcubarfryrpgvba495083721.aspx,10/15/2010 15:12:38
http,VSS0154,PC-6055,http://1saleaday.com/Mercury_dime/dimes/frphevglsvernhgbercnveznahnyf1114821738.aspx,10/15/2010 15:33:03
http,VSS0154,PC-6055,http://about.com/Grays_Inn/cherke/harzcyblzragsver1434742481.asp,10/15/2010 15:39:20
http,VSS0154,PC-6055,http://1saleaday.com/Mercury_dime/dimes/frphevglsvernhgbercnveznahnyf1114821738.aspx,10/15/2010 15:39:33
http,VSS0154,PC-6055,http://verizon.com/2006_Westchester_County_tornado/edt/vprubpxrlnhgberfgbengvbasverobqlohvyqvat807614485.php,10/15/2010 15:42:03
http,VSS0154,PC-6055,http://about.com/Grays_Inn/cherke/harzcyblzragsver1434742481.asp,10/15/2010 15:44:40
http,VSS0154,PC-6055,http://1saleaday.com/Mercury_dime/dimes/frphevglsvernhgbercnveznahnyf1114821738.aspx,10/15/2010 16:00:33
http,VSS0154,PC-6055,http://buy.com/Super_Mario_64/mips/ryrpgvbafhesvaterthyngvbafargjbex900617254.php,10/15/2010 16:01:06
http,VSS0154,PC-6055,http://cbs.com/Bart_King/hordern/pnecragreryrpgvbarkrphgvir2093690601.asp,10/15/2010 16:01:22
http,VSS0154,PC-6055,http://urbandictionary.com/Joppenbergh_Mountain/rosendale/urnqcubarfryrpgvba495083721.aspx,10/15/2010 16:01:47
http,VSS0154,PC-6055,http://urbandictionary.com/Joppenbergh_Mountain/rosendale/urnqcubarfryrpgvba495083721.aspx,10/15/2010 16:01:55
http,VSS0154,PC-6055,http://urbandictionary.com/Joppenbergh_Mountain/rosendale/urnqcubarfryrpgvba495083721.aspx,10/15/2010 16:38:38
http,VSS0154,PC-6055,http://urbandictionary.com/Joppenbergh_Mountain/rosendale/urnqcubarfryrpgvba495083721.aspx,10/15/2010 16:41:21
http,VSS0154,PC-6055,http://urbandictionary.com/Joppenbergh_Mountain/rosendale/urnqcubarfryrpgvba495083721.aspx,10/15/2010 16:41:37
http,VSS0154,PC-6055,http://buy.com/Super_Mario_64/mips/ryrpgvbafhesvaterthyngvbafargjbex900617254.php,10/15/2010 16:42:20
http,VSS0154,PC-6055,http://urbandictionary.com/Joppenbergh_Mountain/rosendale/urnqcubarfryrpgvba495083721.aspx,10/15/2010 16:42:45
http,VSS0154,PC-6055,http://autotrader.com/Central_London_Railway/clr/ryrpgvbacngragobngabzrapyngherpnzctebhaqnpgvivgvrf398651276.asp,10/15/2010 16:42:52
http,VSS0154,PC-6055,http://urbandictionary.com/Joppenbergh_Mountain/rosendale/urnqcubarfryrpgvba495083721.aspx,10/15/2010 16:43:33
http,VSS0154,PC-6055,http://urbandictionary.com/Joppenbergh_Mountain/rosendale/urnqcubarfryrpgvba495083721.aspx,10/15/2010 16:43:51
http,VSS0154,PC-6055,http://careerbuilder.com/Lee_Smith_baseball/eckersleys/fgeratgugenvavatjneenagltbfcryzhfvpryrpgvba1487645952.html,10/15/2010 16:48:07
http,VSS0154,PC-6055,http://buy.com/Super_Mario_64/mips/ryrpgvbafhesvaterthyngvbafargjbex900617254.php,10/15/2010 16:49:47
http,VSS0154,PC-6055,http://buy.com/Super_Mario_64/mips/ryrpgvbafhesvaterthyngvbafargjbex900617254.php,10/15/2010 16:50:09
http,VSS0154,PC-6055,http://buy.com/Super_Mario_64/mips/ryrpgvbafhesvaterthyngvbafargjbex900617254.php,10/15/2010 16:50:37
http,VSS0154,PC-6055,http://buy.com/Super_Mario_64/mips/ryrpgvbafhesvaterthyngvbafargjbex900617254.php,10/15/2010 16:52:24
http,VSS0154,PC-6055,http://earthlink.net/Alpha_Phi_Alpha/nul/zbhagnvauvxvatryrpgvbaurycqrfx107274692.asp,10/15/2010 16:57:23
http,VSS0154,PC-6055,http://earthlink.net/Alpha_Phi_Alpha/nul/zbhagnvauvxvatryrpgvbaurycqrfx107274692.asp,10/15/2010 17:02:21
http,VSS0154,PC-6055,http://sourceforge.net/Elizabeth_Canning/canningites/ovyyvneqfobbxfsver1625813682.htm,10/15/2010 17:11:50
http,VSS0154,PC-6055,http://nbcsports.com/General_aviation_in_the_United_Kingdom/ga/pnyraqnecebwrpgvagreangvbanygeniryqvzvavfuvatergheaf1257642606.htm,10/15/2010 17:13:41
http,VSS0154,PC-6055,http://vistaprint.com/Autostereogram/stereogram/pnyraqne1464362895.html,10/15/2010 17:28:52
http,VSS0154,PC-6055,http://weebly.com/Georgetown_University/hoyas/cenpgvprcynlvatzhfvpsnzvylterragenafcbegngvbacebsrffvbanyfbppre1726875144.html,10/15/2010 17:31:54
http,VSS0154,PC-6055,http://nbcsports.com/General_aviation_in_the_United_Kingdom/ga/pnyraqnecebwrpgvagreangvbanygeniryqvzvavfuvatergheaf1257642606.htm,10/15/2010 17:32:04
http,VSS0154,PC-6055,http://disney.go.com/New_Orleans_Mint/bonzanos/rhpuerpneqtnzrqryrtngrcnex1033374894.jsp,10/15/2010 17:35:04
http,VSS0154,PC-6055,http://about.com/Grays_Inn/cherke/harzcyblzragsver1434742481.asp,10/15/2010 17:36:19
http,VSS0154,PC-6055,http://nbcsports.com/General_aviation_in_the_United_Kingdom/ga/pnyraqnecebwrpgvagreangvbanygeniryqvzvavfuvatergheaf1257642606.htm,10/15/2010 17:37:26
http,VSS0154,PC-6055,http://nfl.com/Greece_runestones/dybeck/snzvyltvaehzzlpneqtnzrarjffbsgonyy1814779370.jsp,10/15/2010 17:43:14
http,VSS0154,PC-6055,http://livejournal.com/Red_River_Trails/kittson/snzvylfvkfvtznjrofvgrqrirybczragonfxrgonyyunyybssnzr626890445.htm,10/15/2010 17:46:19
http,VSS0154,PC-6055,http://weebly.com/Georgetown_University/hoyas/cenpgvprcynlvatzhfvpsnzvylterragenafcbegngvbacebsrffvbanyfbppre1726875144.html,10/15/2010 17:54:55
http,VSS0154,PC-6055,http://fatwallet.com/Grand_Duchess_Olga_Nikolaevna_of_Russia/olga/snzvylculfvpf76474686.asp,10/15/2010 18:03:12
http,VSS0154,PC-6055,http://about.com/Grays_Inn/cherke/harzcyblzragsver1434742481.asp,10/15/2010 18:05:21
http,VSS0154,PC-6055,http://npr.org/Latter_Days/sandvoss/zbgbeplpyrzhfrhznpprcgnaprgrfgercbegsnzvyl355437132.php,10/15/2010 18:20:54
http,VSS0154,PC-6055,http://cbs.com/Bart_King/hordern/pnecragreryrpgvbarkrphgvir2093690601.asp,10/15/2010 18:26:32
http,VSS0154,PC-6055,http://buy.com/Super_Mario_64/mips/ryrpgvbafhesvaterthyngvbafargjbex900617254.php,10/15/2010 18:29:35
http,VSS0154,PC-6055,http://urbandictionary.com/Joppenbergh_Mountain/rosendale/urnqcubarfryrpgvba495083721.aspx,10/15/2010 18:30:43
email,VSS0154,PC-6055,Vernon.Samuel.Sawyer@dtaa.com,Cally_Hansen@raytheon.com,33799,0,10/15/2010 15:42:54
email,VSS0154,PC-6055,Sawyer_Vernon@verizon.net,VMJ628@verizon.net,38220,0,10/15/2010 16:40:48
email,VSS0154,PC-6055,Sawyer_Vernon@verizon.net,Santana-Ulysses@yahoo.com,27502,2,10/15/2010 16:51:21
email,VSS0154,PC-6055,Sawyer_Vernon@verizon.net,Kimberley_Anderson@juno.com;VMJ628@verizon.net;Carla_Shannon@optonline.net,15184,0,10/15/2010 16:54:40
email,VSS0154,PC-6055,Sawyer_Vernon@verizon.net,Hinton-Charles@sbcglobal.net,36249,1,10/15/2010 16:56:30
email,VSS0154,PC-6055,Sawyer_Vernon@verizon.net,IEB8@earthlink.net,39308,0,10/15/2010 16:58:20
email,VSS0154,PC-6055,Vernon.Samuel.Sawyer@dtaa.com,Vera.Mollie.Jenkins@dtaa.com,60990,0,10/15/2010 17:08:35
email,VSS0154,PC-6055,Sawyer_Vernon@verizon.net,VMJ628@verizon.net;IEB8@earthlink.net,26915,0,10/15/2010 17:11:44
email,VSS0154,PC-6055,Vernon.Samuel.Sawyer@dtaa.com,Kimberley.Joy.Anderson@dtaa.com,43025,0,10/15/2010 17:12:42
email,VSS0154,PC-6055,Sawyer_Vernon@verizon.net,VMJ628@verizon.net,34143,3,10/15/2010 17:13:37
email,VSS0154,PC-6055,Vernon.Samuel.Sawyer@dtaa.com,Clio.R.Ray@northropgrumman.com,27096,2,10/15/2010 17:17:25
device,VSS0154,PC-6055,Connect,10/15/2010 12:42:52
device,VSS0154,PC-6055,Disconnect,10/15/2010 14:12:34
