logon,WDD0366,PC-6380,Logon,02/01/2010 00:23:19
logon,WDD0366,PC-6380,Logoff,02/01/2010 00:42:50
logon,WDD0366,PC-6113,Logon,02/01/2010 01:26:05
logon,WDD0366,PC-6113,Logoff,02/01/2010 01:35:46
logon,WDD0366,PC-0155,Logon,02/01/2010 08:16:00
logon,WDD0366,PC-4124,Logon,02/01/2010 08:33:26
logon,WDD0366,PC-4124,Logoff,02/01/2010 09:00:46
logon,WDD0366,PC-0155,Logoff,02/01/2010 16:23:00
logon,WDD0366,PC-5920,Logon,02/01/2010 21:15:59
logon,WDD0366,PC-7879,Logon,02/01/2010 21:20:26
logon,WDD0366,PC-7879,Logoff,02/01/2010 21:26:29
logon,WDD0366,PC-5920,Logoff,02/01/2010 21:30:16
logon,WDD0366,PC-3998,Logon,02/01/2010 23:27:54
logon,WDD0366,PC-3998,Logoff,02/01/2010 23:45:38
http,WDD0366,PC-0155,http://t-mobile.com/Bill_Newton/siffleet/qbphzragnelsrnfvovyvglfbsggraavf1005246298.asp,02/01/2010 08:17:04
http,WDD0366,PC-0155,http://td.com/History_of_the_National_Hockey_League_19421967/mikita/bobrzbgbeplpyryvprafrubyvqnlf2051596542.aspx,02/01/2010 08:25:42
http,WDD0366,PC-0155,http://ikea.com/Ray_Lindwall_with_the_Australian_cricket_team_in_England_in_1948/3183/qbphzragnelfnyrffhccbeg556580526.html,02/01/2010 08:33:03
http,WDD0366,PC-0155,http://lowes.com/Layla/allmans/puhepupnzcqbphzragnelfrjvatoybt2111045383.asp,02/01/2010 08:33:51
http,WDD0366,PC-0155,http://statcounter.com/The_Disasters_of_War/caprichos/oynpxsevqnlfubccvatsbbgonyyfrphevglcngpufrncbeg1626644077.asp,02/01/2010 08:34:56
http,WDD0366,PC-0155,http://cnn.com/Chickasaw_Turnpike/roff/ubyvqnlfrnflyvfgravatzhfvpebqrb2042758381.aspx,02/01/2010 08:38:51
http,WDD0366,PC-0155,http://imdb.com/SMS_Markgraf/markgrafgroupnote/vgnyvnapbbxvatubyvqnlffbppreserrfglyrfxvvat50866039.html,02/01/2010 08:42:07
http,WDD0366,PC-0155,http://yelp.com/Hawksbill_sea_turtle/imbricata/znantrzragonpxcnpxfrphevglcngpufbsgjnerqrirybczrag1253837304.jsp,02/01/2010 08:46:04
http,WDD0366,PC-0155,http://cnn.com/Chickasaw_Turnpike/roff/ubyvqnlfrnflyvfgravatzhfvpebqrb2042758381.aspx,02/01/2010 08:49:37
http,WDD0366,PC-0155,http://npr.org/Creatures_of_Impulse/pipette/frysurycvagreargznexrgvat1389343354.aspx,02/01/2010 08:50:04
http,WDD0366,PC-0155,http://eonline.com/Gregory_of_Nazianzus/sasima/gragcebwrpgcrgsvfupbyyrtrfbppre691547229.htm,02/01/2010 08:53:30
http,WDD0366,PC-0155,http://live.com/New_York_State_Route_32/schuylerville/vairfgvtngvbafrysurycubarlzbbanhgbjnkvat1229392995.asp,02/01/2010 08:54:21
http,WDD0366,PC-0155,http://conduit.com/French_colonization_of_Texas/salle/cebwrpgfxvgevcznfffgbentrpbhagelzhfvp1636455169.jsp,02/01/2010 09:01:22
http,WDD0366,PC-0155,http://urbandictionary.com/Joppenbergh_Mountain/rosendale/urnqcubarfryrpgvba495083721.aspx,02/01/2010 09:03:21
http,WDD0366,PC-0155,http://slideshare.net/Buffalo_nickel/repunched/jbeyqfrevrfgifrevrfzhfvptraer640513410.jsp,02/01/2010 09:06:42
http,WDD0366,PC-0155,http://imdb.com/SMS_Markgraf/markgrafgroupnote/vgnyvnapbbxvatubyvqnlffbppreserrfglyrfxvvat50866039.html,02/01/2010 09:13:38
http,WDD0366,PC-0155,http://ikea.com/Ray_Lindwall_with_the_Australian_cricket_team_in_England_in_1948/3183/qbphzragnelfnyrffhccbeg556580526.html,02/01/2010 09:21:14
http,WDD0366,PC-0155,http://npr.org/Creatures_of_Impulse/pipette/frysurycvagreargznexrgvat1389343354.aspx,02/01/2010 09:24:18
http,WDD0366,PC-0155,http://amazonaws.com/Congregation_Baith_Israel_Anshei_Emes/goldfarbs/obngvatehyrffpvraprfhcreobjy222502931.html,02/01/2010 09:24:57
http,WDD0366,PC-0155,http://vistaprint.com/Rosendale_trestle/rosendale/jrngureiveghnyznpuvarfgnaqneqfovyyvneqfrdhvczrag546713892.php,02/01/2010 09:30:59
http,WDD0366,PC-0155,http://sprint.com/Military_history_of_Australia_during_World_War_II/abdacom/pbbxobbxjngpuvatgryrivfvbaqbtoerrqqbphzragnel117619159.php,02/01/2010 09:33:32
http,WDD0366,PC-0155,http://chicagotribune.com/Javan_Rhinoceros/kulon/arjfnhgberfgbengvbagrag1105725501.asp,02/01/2010 09:36:44
http,WDD0366,PC-0155,http://td.com/History_of_the_National_Hockey_League_19421967/mikita/bobrzbgbeplpyryvprafrubyvqnlf2051596542.aspx,02/01/2010 09:38:19
http,WDD0366,PC-0155,http://victoriassecret.com/Authentic_Science_Fiction/harnesss/dhnyvglfrnzfgerffubyvqnlf226273992.php,02/01/2010 09:42:17
http,WDD0366,PC-0155,http://cnn.com/Chickasaw_Turnpike/roff/ubyvqnlfrnflyvfgravatzhfvpebqrb2042758381.aspx,02/01/2010 09:44:45
http,WDD0366,PC-0155,http://hootsuite.com/Princess_Charlotte_of_Wales/oatlands/ubefriveghnycevingrargjbexphfgbzre1679146351.php,02/01/2010 09:49:32
http,WDD0366,PC-0155,http://eonline.com/Gregory_of_Nazianzus/sasima/gragcebwrpgcrgsvfupbyyrtrfbppre691547229.htm,02/01/2010 10:03:34
http,WDD0366,PC-0155,http://ikea.com/Ray_Lindwall_with_the_Australian_cricket_team_in_England_in_1948/3183/qbphzragnelfnyrffhccbeg556580526.html,02/01/2010 10:05:31
http,WDD0366,PC-0155,http://qvc.com/Killer7/garcian/fcvevghny1582130601.asp,02/01/2010 10:18:01
http,WDD0366,PC-0155,http://cbs.com/Armament_of_the_Iowa_class_battleship/rangekeeper/zhfvppbaqhpgbeobngenpvatpuvyqerafobbxf815548649.html,02/01/2010 10:19:05
http,WDD0366,PC-0155,http://buy.com/Super_Mario_64/mips/ryrpgvbafhesvaterthyngvbafargjbex900617254.php,02/01/2010 10:29:48
http,WDD0366,PC-0155,http://live.com/Banksia_verticillata/torndirrup/cebwrpg41502083.aspx,02/01/2010 10:43:58
http,WDD0366,PC-0155,http://live.com/Banksia_verticillata/torndirrup/cebwrpg41502083.aspx,02/01/2010 10:48:09
http,WDD0366,PC-0155,http://imdb.com/SMS_Markgraf/markgrafgroupnote/vgnyvnapbbxvatubyvqnlffbppreserrfglyrfxvvat50866039.html,02/01/2010 10:51:14
http,WDD0366,PC-0155,http://ikea.com/Ray_Lindwall_with_the_Australian_cricket_team_in_England_in_1948/3183/qbphzragnelfnyrffhccbeg556580526.html,02/01/2010 10:52:11
http,WDD0366,PC-0155,http://chicagotribune.com/Javan_Rhinoceros/kulon/arjfnhgberfgbengvbagrag1105725501.asp,02/01/2010 10:56:17
http,WDD0366,PC-0155,http://imdb.com/SMS_Markgraf/markgrafgroupnote/vgnyvnapbbxvatubyvqnlffbppreserrfglyrfxvvat50866039.html,02/01/2010 10:56:26
http,WDD0366,PC-0155,http://officedepot.com/Cdwalla_of_Wessex/thelwealhs/obngznvagranaprjrngureobjyvatfcyvgf1750468637.html,02/01/2010 10:57:22
http,WDD0366,PC-0155,http://wordpress.org/The_Green_Dartmouth_College/crosspaths/ivfvbapunevglcebsrffvbanyarjf1148128434.jsp,02/01/2010 10:59:01
http,WDD0366,PC-0155,http://gamestop.com/Battersea_Bridge/mowlem/argjbexfvkfvtznpnyvfguravpffxvvatinpngvba1620481558.asp,02/01/2010 11:02:06
http,WDD0366,PC-0155,http://capitalone.com/Punk_rock/voidoids/qbphzragneltbysjngreunmneqf991898525.jsp,02/01/2010 11:04:41
http,WDD0366,PC-0155,http://cbs.com/Bart_King/hordern/pnecragreryrpgvbarkrphgvir2093690601.asp,02/01/2010 11:08:41
http,WDD0366,PC-0155,http://eonline.com/Gregory_of_Nazianzus/sasima/gragcebwrpgcrgsvfupbyyrtrfbppre691547229.htm,02/01/2010 11:17:20
http,WDD0366,PC-0155,http://td.com/History_of_the_National_Hockey_League_19421967/mikita/bobrzbgbeplpyryvprafrubyvqnlf2051596542.aspx,02/01/2010 11:28:57
http,WDD0366,PC-0155,http://td.com/History_of_the_National_Hockey_League_19421967/mikita/bobrzbgbeplpyryvprafrubyvqnlf2051596542.aspx,02/01/2010 11:28:58
http,WDD0366,PC-0155,http://imdb.com/SMS_Markgraf/markgrafgroupnote/vgnyvnapbbxvatubyvqnlffbppreserrfglyrfxvvat50866039.html,02/01/2010 11:31:24
http,WDD0366,PC-0155,http://sidereel.com/European_Commission/barroso/fcvevghnyerdhrfgsbecebcbfnygrnzobjyvatzlfgrel1079118294.htm,02/01/2010 11:35:52
http,WDD0366,PC-0155,http://slate.com/1933_Atlantic_hurricane_season/05z/jrngure696245205.jsp,02/01/2010 11:49:57
http,WDD0366,PC-0155,http://linkedin.com/Harry_Chauvel/chetwode/cebwrpg757315014.jsp,02/01/2010 11:54:16
http,WDD0366,PC-0155,http://cnn.com/Chickasaw_Turnpike/roff/ubyvqnlfrnflyvfgravatzhfvpebqrb2042758381.aspx,02/01/2010 11:55:26
http,WDD0366,PC-0155,http://autotrader.com/Central_London_Railway/clr/ryrpgvbacngragobngabzrapyngherpnzctebhaqnpgvivgvrf398651276.asp,02/01/2010 12:09:25
http,WDD0366,PC-0155,http://flickr.com/Latter_Days/sandvoss/onaqjvqgubepurfgencbrgelnppbzcnavzrag388434528.htm,02/01/2010 12:09:32
http,WDD0366,PC-0155,http://cbs.com/Bart_King/hordern/pnecragreryrpgvbarkrphgvir2093690601.asp,02/01/2010 12:09:41
http,WDD0366,PC-0155,http://buy.com/Super_Mario_64/mips/ryrpgvbafhesvaterthyngvbafargjbex900617254.php,02/01/2010 12:10:03
http,WDD0366,PC-0155,http://netteller.com/1984_Rajneeshee_bioterror_attack/rajneesh/qenznpbapregyvirzhfvpubefronpxevqvatfnsrgl410282030.jsp,02/01/2010 12:11:18
http,WDD0366,PC-0155,http://live.com/New_York_State_Route_32/schuylerville/vairfgvtngvbafrysurycubarlzbbanhgbjnkvat1229392995.asp,02/01/2010 12:11:30
http,WDD0366,PC-0155,http://cnn.com/Chickasaw_Turnpike/roff/ubyvqnlfrnflyvfgravatzhfvpebqrb2042758381.aspx,02/01/2010 12:12:10
http,WDD0366,PC-0155,http://buy.com/Super_Mario_64/mips/ryrpgvbafhesvaterthyngvbafargjbex900617254.php,02/01/2010 12:28:30
http,WDD0366,PC-0155,http://eonline.com/Gregory_of_Nazianzus/sasima/gragcebwrpgcrgsvfupbyyrtrfbppre691547229.htm,02/01/2010 12:28:37
http,WDD0366,PC-0155,http://npr.org/Creatures_of_Impulse/pipette/frysurycvagreargznexrgvat1389343354.aspx,02/01/2010 12:29:36
http,WDD0366,PC-0155,http://sidereel.com/European_Commission/barroso/fcvevghnyerdhrfgsbecebcbfnygrnzobjyvatzlfgrel1079118294.htm,02/01/2010 12:30:01
http,WDD0366,PC-0155,http://theblaze.com/2010_PapaJohnscom_Bowl/uconn/vgnyvnapbbxvatfcvevghny575139492.jsp,02/01/2010 12:36:25
http,WDD0366,PC-0155,http://sidereel.com/European_Commission/barroso/fcvevghnyerdhrfgsbecebcbfnygrnzobjyvatzlfgrel1079118294.htm,02/01/2010 12:36:57
http,WDD0366,PC-0155,http://td.com/History_of_the_National_Hockey_League_19421967/mikita/bobrzbgbeplpyryvprafrubyvqnlf2051596542.aspx,02/01/2010 12:38:09
http,WDD0366,PC-0155,http://cbs.com/Bart_King/hordern/pnecragreryrpgvbarkrphgvir2093690601.asp,02/01/2010 12:43:25
http,WDD0366,PC-0155,http://ikea.com/Ray_Lindwall_with_the_Australian_cricket_team_in_England_in_1948/3183/qbphzragnelfnyrffhccbeg556580526.html,02/01/2010 12:50:34
http,WDD0366,PC-0155,http://victoriassecret.com/December_1964_South_Vietnamese_coup/khanh/pbzrqltebffqbzrfgvpcebqhpgtbysunaqvpnc1476764082.html,02/01/2010 12:52:13
http,WDD0366,PC-0155,http://npr.org/Creatures_of_Impulse/pipette/frysurycvagreargznexrgvat1389343354.aspx,02/01/2010 12:53:20
http,WDD0366,PC-0155,http://theblaze.com/Arsenal_FC/filearsenal/arjfubefronpxraqhenaprevqvatqvegevqvatcrgtebbzvat952501939.html,02/01/2010 12:53:32
http,WDD0366,PC-0155,http://gamestop.com/Battersea_Bridge/mowlem/argjbexfvkfvtznpnyvfguravpffxvvatinpngvba1620481558.asp,02/01/2010 12:53:56
http,WDD0366,PC-0155,http://cnn.com/Chickasaw_Turnpike/roff/ubyvqnlfrnflyvfgravatzhfvpebqrb2042758381.aspx,02/01/2010 12:57:15
http,WDD0366,PC-0155,http://swagbucks.com/Central_Coast_Mariners_FC/bosnich/arjf1097306252.htm,02/01/2010 13:02:05
http,WDD0366,PC-0155,http://lowes.com/Layla/allmans/puhepupnzcqbphzragnelfrjvatoybt2111045383.asp,02/01/2010 13:05:50
http,WDD0366,PC-0155,http://gamestop.com/Battersea_Bridge/mowlem/argjbexfvkfvtznpnyvfguravpffxvvatinpngvba1620481558.asp,02/01/2010 13:14:57
http,WDD0366,PC-0155,http://td.com/History_of_the_National_Hockey_League_19421967/mikita/bobrzbgbeplpyryvprafrubyvqnlf2051596542.aspx,02/01/2010 13:22:53
http,WDD0366,PC-0155,http://qq.com/Malcolm_X/lumumba/onxrjnerjbefuvciveghnyznpuvarargjbex225689905.php,02/01/2010 13:41:08
http,WDD0366,PC-0155,http://gamestop.com/Battersea_Bridge/mowlem/argjbexfvkfvtznpnyvfguravpffxvvatinpngvba1620481558.asp,02/01/2010 13:41:11
http,WDD0366,PC-0155,http://qq.com/Malcolm_X/lumumba/onxrjnerjbefuvciveghnyznpuvarargjbex225689905.php,02/01/2010 13:41:18
http,WDD0366,PC-0155,http://live.com/New_York_State_Route_32/schuylerville/vairfgvtngvbafrysurycubarlzbbanhgbjnkvat1229392995.asp,02/01/2010 13:48:59
http,WDD0366,PC-0155,http://ikea.com/Ray_Lindwall_with_the_Australian_cricket_team_in_England_in_1948/3183/qbphzragnelfnyrffhccbeg556580526.html,02/01/2010 13:59:09
http,WDD0366,PC-0155,http://sidereel.com/European_Commission/barroso/fcvevghnyerdhrfgsbecebcbfnygrnzobjyvatzlfgrel1079118294.htm,02/01/2010 14:05:43
http,WDD0366,PC-0155,http://sidereel.com/European_Commission/barroso/fcvevghnyerdhrfgsbecebcbfnygrnzobjyvatzlfgrel1079118294.htm,02/01/2010 14:05:54
http,WDD0366,PC-0155,http://td.com/History_of_the_National_Hockey_League_19421967/mikita/bobrzbgbeplpyryvprafrubyvqnlf2051596542.aspx,02/01/2010 14:08:00
http,WDD0366,PC-0155,http://buy.com/Super_Mario_64/mips/ryrpgvbafhesvaterthyngvbafargjbex900617254.php,02/01/2010 14:10:10
http,WDD0366,PC-0155,http://urbandictionary.com/The_Beatles/mccartney/argjbexobjyvatgbheanzragzngurzngvpf146120924.jsp,02/01/2010 14:14:17
http,WDD0366,PC-0155,http://imdb.com/SMS_Markgraf/markgrafgroupnote/vgnyvnapbbxvatubyvqnlffbppreserrfglyrfxvvat50866039.html,02/01/2010 14:14:48
http,WDD0366,PC-0155,http://cnn.com/Chickasaw_Turnpike/roff/ubyvqnlfrnflyvfgravatzhfvpebqrb2042758381.aspx,02/01/2010 14:18:24
http,WDD0366,PC-0155,http://npr.org/Creatures_of_Impulse/pipette/frysurycvagreargznexrgvat1389343354.aspx,02/01/2010 14:20:34
http,WDD0366,PC-0155,http://abcnews.go.com/Lactarius_indigo/indigo/rdhvczragfrysurycorneuhagvatgeniryntrapl1874713056.jsp,02/01/2010 14:21:33
http,WDD0366,PC-0155,http://npr.org/Creatures_of_Impulse/pipette/frysurycvagreargznexrgvat1389343354.aspx,02/01/2010 14:21:49
http,WDD0366,PC-0155,http://adobe.com/Sinestro_Corps_War/ganthet/frysurycqrfxgbcgraavfqbhoyrfcebsrffvbanyubpxrl2005134786.aspx,02/01/2010 14:21:54
http,WDD0366,PC-0155,http://mediatakeout.com/Bill_Russell/cousy/frphevglcngpufrysurycohzcreobjyvatfrphevgl1631671436.asp,02/01/2010 14:21:56
http,WDD0366,PC-0155,http://capitalone.com/Punk_rock/voidoids/qbphzragneltbysjngreunmneqf991898525.jsp,02/01/2010 14:51:28
http,WDD0366,PC-0155,http://lowes.com/Layla/allmans/puhepupnzcqbphzragnelfrjvatoybt2111045383.asp,02/01/2010 14:56:08
http,WDD0366,PC-0155,http://cnn.com/Chickasaw_Turnpike/roff/ubyvqnlfrnflyvfgravatzhfvpebqrb2042758381.aspx,02/01/2010 14:56:15
http,WDD0366,PC-0155,http://eonline.com/Gregory_of_Nazianzus/sasima/gragcebwrpgcrgsvfupbyyrtrfbppre691547229.htm,02/01/2010 15:05:58
http,WDD0366,PC-0155,http://yfrog.com/Saffron/saffron/fhccbegfhcreobjy789727225.aspx,02/01/2010 15:14:12
http,WDD0366,PC-0155,http://mozilla.org/Landing_at_Nadzab/nadzab/fcvevghnybireurnq1646920551.asp,02/01/2010 15:14:34
http,WDD0366,PC-0155,http://imdb.com/SMS_Markgraf/markgrafgroupnote/vgnyvnapbbxvatubyvqnlffbppreserrfglyrfxvvat50866039.html,02/01/2010 15:31:28
http,WDD0366,PC-0155,http://gamestop.com/Battersea_Bridge/mowlem/argjbexfvkfvtznpnyvfguravpffxvvatinpngvba1620481558.asp,02/01/2010 15:34:24
http,WDD0366,PC-0155,http://linkedin.com/Harry_Chauvel/chetwode/cebwrpg757315014.jsp,02/01/2010 15:38:55
http,WDD0366,PC-0155,http://basecamphq.com/Clement_of_Dunblane/eghan/argjbexzbgbeplpyrcrevbqvpnyfqbtcbxrepneqtnzr508273188.html,02/01/2010 15:55:22
http,WDD0366,PC-0155,http://live.com/New_York_State_Route_32/schuylerville/vairfgvtngvbafrysurycubarlzbbanhgbjnkvat1229392995.asp,02/01/2010 15:56:09
http,WDD0366,PC-0155,http://istockphoto.com/Banksia_scabrella/walkaway/objyvatonyyubyvqnlfobngabzrapyngherevqvatfglyrf130758397.html,02/01/2010 15:59:08
http,WDD0366,PC-0155,http://capitalone.com/Punk_rock/voidoids/qbphzragneltbysjngreunmneqf991898525.jsp,02/01/2010 16:03:25
http,WDD0366,PC-0155,http://td.com/History_of_the_National_Hockey_League_19421967/mikita/bobrzbgbeplpyryvprafrubyvqnlf2051596542.aspx,02/01/2010 16:04:18
http,WDD0366,PC-0155,http://lowes.com/Layla/allmans/puhepupnzcqbphzragnelfrjvatoybt2111045383.asp,02/01/2010 16:05:44
http,WDD0366,PC-0155,http://slideshare.net/Buffalo_nickel/repunched/jbeyqfrevrfgifrevrfzhfvptraer640513410.jsp,02/01/2010 16:06:00
http,WDD0366,PC-0155,http://td.com/History_of_the_National_Hockey_League_19421967/mikita/bobrzbgbeplpyryvprafrubyvqnlf2051596542.aspx,02/01/2010 16:11:00
http,WDD0366,PC-0155,http://capitalone.com/Punk_rock/voidoids/qbphzragneltbysjngreunmneqf991898525.jsp,02/01/2010 16:13:10
http,WDD0366,PC-0155,http://netteller.com/1984_Rajneeshee_bioterror_attack/rajneesh/qenznpbapregyvirzhfvpubefronpxevqvatfnsrgl410282030.jsp,02/01/2010 16:13:16
http,WDD0366,PC-0155,http://sears.com/Smells_Like_Teen_Spirit/cobains/pbzrqlsbbqfnsrglbayvaryrneavat919972962.aspx,02/01/2010 16:17:29
http,WDD0366,PC-0155,http://conduit.com/French_colonization_of_Texas/salle/cebwrpgfxvgevcznfffgbentrpbhagelzhfvp1636455169.jsp,02/01/2010 16:18:22
http,WDD0366,PC-0155,http://imdb.com/SMS_Markgraf/markgrafgroupnote/vgnyvnapbbxvatubyvqnlffbppreserrfglyrfxvvat50866039.html,02/01/2010 16:20:26
email,WDD0366,PC-0155,Wesley.Dustin.Dickerson@dtaa.com,Madonna.Veronica.Hardy@dtaa.com,27300,0,02/01/2010 09:18:58
email,WDD0366,PC-0155,WDD6532@optonline.net,DLH6@charter.net,41170,0,02/01/2010 09:19:31
email,WDD0366,PC-0155,Wesley.Dustin.Dickerson@dtaa.com,Ira.Brendan.Ball@dtaa.com;Sean.Omar.Burgess@dtaa.com;Cain.Byron.Baldwin@dtaa.com,30078,0,02/01/2010 09:24:06
email,WDD0366,PC-0155,Wesley.Dustin.Dickerson@dtaa.com,Cain.Byron.Baldwin@dtaa.com,25356,0,02/01/2010 09:28:00
email,WDD0366,PC-0155,Wesley.Dustin.Dickerson@dtaa.com,Kennedy.Shad.Parker@dtaa.com,26578,0,02/01/2010 09:45:34
email,WDD0366,PC-0155,Wesley.Dustin.Dickerson@dtaa.com,Francis.Brian.Armstrong@dtaa.com;Ira.Brendan.Ball@dtaa.com,62011,1,02/01/2010 09:50:32
email,WDD0366,PC-0155,Wesley.Dustin.Dickerson@dtaa.com,Kennedy.Robert.Vega@dtaa.com;Jacqueline.Latifah.Miles@dtaa.com;Madonna.Veronica.Hardy@dtaa.com,22179,1,02/01/2010 09:54:37
email,WDD0366,PC-0155,Wesley.Dustin.Dickerson@dtaa.com,Mcfadden-Ronan@boeing.com,22656,0,02/01/2010 09:55:09
email,WDD0366,PC-0155,Wesley.Dustin.Dickerson@dtaa.com,Sean.Omar.Burgess@dtaa.com,29087,0,02/01/2010 09:55:13
email,WDD0366,PC-0155,WDD6532@optonline.net,VSA557@earthlink.net;Kyla.Porter@bellsouth.net,44968,0,02/01/2010 12:55:27
